<?xml version="1.0" encoding="UTF-8"?>
<!--
  Parameters definition for building as a 'Windows® Web Application Gallery' package eZP itself
  @author G. Giunta
  @copyright (c) 2011 eZ Systems
  @license http://www.gnu.org/licenses/gpl-2.0.txt GNU General Public License v2
  @see http://learn.iis.net/page.aspx/619/windows-web-application-gallery/
-->
<parameters>

  <!-- Prompts where to copy the content files and takes a web site path (such as "contoso.com/app"). -->
  <parameter
    name="Application Path"
    defaultValue="Default Web Site/ezpublish"
    tags="iisapp" ><!-- this tag means we get defaults for friendlyName and description -->
    <parameterEntry
      type="ProviderPath"
      scope="iisapp"
      match="ezpublish" />
  </parameter>


  <!-- Database Parameters
       The tags provided here tells the UI being used what type of parameter
       this is.  The UI can then construct an appropriate dialog for the
       database parameters, or fill them in if the user doesn't need to
       provide them
  -->

  <!-- This parameter prompts the user for the database server name.
       Note that this parameter has only one parameterEntry element.
       This parameter is used with the configuration file and the
       connection string.  It is not used within the SQL script itself
       like the other paramters are.
  -->
  <parameter
    name="Database Server"
    defaultValue="localhost"
    tags="MySQL, dbServer" >
    <parameterEntry
      type="TextFile"
      scope="kickstart.ini"
      match="{PlaceHolderForServer}" />
  </parameter>

  <!-- This parameter prompts the user for the database name. -->
  <parameter
    name="Database Name"
    defaultValue="ezpublish"
    tags="MySQL, dbName" >
    <parameterEntry
      type="TextFile"
      scope="kickstart.ini"
      match="{PlaceHolderForDb}" />
    <parameterEntry
      type="TextFile"
      scope="install.sql"
      match="{PlaceHolderForDb}" />
  </parameter>

  <!-- This parameter prompts the user for the database username. -->
  <parameter
    name="Database Username"
    defaultValue="ezUser"
    tags="MySQL, dbUsername" >
    <parameterEntry
      type="TextFile"
      scope="kickstart.ini"
      match="{PlaceHolderForUser}" />
    <parameterEntry
      type="TextFile"
      scope="install.sql"
      match="{PlaceHolderForUser}" />
  </parameter>

  <!-- This parameter prompts the user for the database user's password. -->
  <parameter
    name="Database Password"
    tags="New, Password, MySQL, dbUserPassword" >
    <parameterEntry
      type="TextFile"
      scope="kickstart.ini"
      match="{PlaceHolderForPassword}" />
    <parameterEntry
      type="TextFile"
      scope="install.sql"
      match="{PlaceHolderForPassword}" />
  </parameter>

  <!-- Prompts for the admin creds and uses it for the administrator
       connection string. This is used to create a login and assign
       permissions. The MySQL tag indicates it is a parameter required for
       MySQL.
       The DbAdminUsername tag indicates it should be used when the user
       is creating a new database. If they're not, it can be filled in
       with the DbUsername value.  The UI should be able to figure out
       whether or not the user needs to be prompted for this (ie. it asks for
       admin credentials only if user said he wanted to create a new db, not if
       he said he wanted to use an existing db).
  -->
  <parameter
    name="Database Administrator"
    defaultValue="root"
    tags="MySQL, dbAdminUsername" >
  </parameter>

  <!-- Prompts for the admin password and uses it for the administrator
       connection string.
  -->
  <parameter
    name="Database Administrator Password"
    tags="Password, MySQL, dbAdminPassword" >
  </parameter>

  <!-- This parameter is needed: it builds the connection string that is used
       to run the installation script set in the parameterEntry element -->
  <parameter
    name="Connection String"
    description="Automatically sets the connection string for the connection request."
    defaultValue="Server={Database Server};Database={Database Name};uid={Database Administrator};Pwd={Database Administrator Password};"
    tags="Hidden, MySQL, MySQLConnectionString, Validate" >
    <parameterEntry
      type="ProviderPath"
      scope="dbmysql"
      match="install.sql" />
  </parameter>

  <!-- These are the parameters that are used to set ACLs, taking into account
       the application path filled in by the user -->
  <parameter
    name="SetAclParameterVar"
    defaultValue="{Application Path}/var"
    tags="Hidden">
    <parameterEntry
      type="ProviderPath"
      scope="setAcl"
      match="ezpublish/var" />
  </parameter>
  <parameter
    name="SetAclParameterSettingsO"
    defaultValue="{Application Path}/settings/override"
    tags="Hidden">
    <parameterEntry
      type="ProviderPath"
      scope="setAcl"
      match="ezpublish/settings/override" />
  </parameter>
  <parameter
    name="SetAclParameterSettingsA"
    defaultValue="{Application Path}/settings/siteaccess"
    tags="Hidden">
    <parameterEntry
      type="ProviderPath"
      scope="setAcl"
      match="ezpublish/settings/siteaccess" />
  </parameter>
  <parameter
    name="SetAclParameterExtension"
    defaultValue="{Application Path}/extension"
    tags="Hidden">
    <parameterEntry
      type="ProviderPath"
      scope="setAcl"
      match="ezpublish/extension" />
  </parameter>

</parameters>